Incident Year,Neighborhood Name,ARSON,ASSAULT,BAD CHECKS,BRIBERY,BURGLARY,CASE CLOSURE,CIVIL SIDEWALKS,COURTESY REPORT,DISORDERLY CONDUCT,DRIVING UNDER THE INFLUENCE,DRUG/NARCOTIC,DRUNKENNESS,EMBEZZLEMENT,EXTORTION,FIRE REPORT,FORGERY/COUNTERFEITING,FRAUD,GAMBLING,HOMICIDE,"HUMAN TRAFFICKING (B), INVOLUNTARY SERVITUDE","HUMAN TRAFFICKING, COMMERCIAL SEX ACTS",KIDNAPPING,LARCENY/THEFT,LIQUOR LAWS,LOITERING,LOST PROPERTY,MALICIOUS MISCHIEF,MISCELLANEOUS INVESTIGATION,MISSING PERSON,MOTOR VEHICLE THEFT,NON-CRIMINAL,OFFENCES AGAINST THE FAMILY AND CHILDREN,OTHER MISCELLANEOUS,OTHER OFFENSES,PORNOGRAPHY/OBSCENE MAT,PROSTITUTION,RAPE,RECOVERED VEHICLE,ROBBERY,SECONDARY CODES,SEX OFFENSE,"SEX OFFENSES, FORCIBLE","SEX OFFENSES, NON FORCIBLE",STOLEN PROPERTY,SUICIDE,SUSPICIOUS,SUSPICIOUS OCC,TRAFFIC COLLISION,TRAFFIC VIOLATION ARREST,TREA,TRESPASS,VANDALISM,VEHICLE IMPOUNDED,VEHICLE MISPLACED,WARRANTS,WEAPONS OFFENSE,missing,NUMBER OF PIT STOPS
2003,Bayview Hunters Point,34,565,3,0,185,0,0,0,10,2,312,11,7,1,0,37,45,2,0,0,0,12,398,7,4,0,0,0,75,499,296,8,0,944,0,2,0,0,98,70,0,17,3,7,1,0,138,0,0,0,14,207,0,0,302,69,0,0
2003,Castro/Upper Market,1,142,0,0,97,0,0,0,6,1,68,3,3,0,0,33,51,0,0,0,0,1,345,1,2,0,0,0,16,234,155,2,0,173,0,0,0,0,31,10,0,6,0,18,1,0,55,0,0,0,23,84,0,0,97,11,0,0
2003,Financial District/South Beach,2,266,10,0,219,0,0,0,22,3,74,25,13,1,0,78,145,0,0,0,0,4,1440,3,18,0,0,0,33,238,359,1,0,430,0,1,0,0,69,20,0,9,0,29,3,0,106,0,0,0,75,122,0,0,181,12,0,0
2003,Golden Gate Park,1,38,0,0,1,0,0,0,1,3,52,3,0,0,0,2,1,0,0,0,0,1,152,0,0,0,0,0,3,78,69,0,0,69,0,0,0,0,6,0,0,0,1,1,0,0,9,0,0,0,0,19,0,0,48,6,0,0
2003,Haight Ashbury,1,65,0,0,56,0,0,0,17,3,82,24,1,0,0,14,19,0,0,0,0,2,215,2,6,0,0,0,25,169,85,0,0,121,0,0,0,0,22,3,0,3,0,4,0,0,34,0,0,0,5,47,0,0,52,11,0,0
2003,Mission,7,664,6,0,206,0,0,0,82,21,915,32,11,0,0,112,115,0,0,0,0,13,1007,19,7,0,0,0,91,703,688,3,0,1653,1,327,0,0,188,47,0,39,0,25,6,0,176,0,0,0,80,265,0,0,567,60,0,0
2003,North Beach,0,104,1,1,57,0,0,0,13,5,27,24,3,0,0,19,50,1,0,0,0,0,365,8,1,0,0,0,9,114,170,0,0,143,0,0,0,0,18,13,0,4,0,4,0,0,42,0,0,0,17,49,0,0,72,9,0,0
2003,South of Market,7,531,5,1,149,0,0,0,46,15,649,31,18,1,0,140,196,0,0,0,0,11,1593,17,9,0,0,0,60,366,807,5,0,1106,0,5,0,0,116,30,0,33,1,48,3,0,154,0,0,0,98,225,0,0,634,40,0,0
2003,Sunset/Parkside,6,161,2,0,104,0,0,0,6,6,23,2,2,0,0,38,58,0,0,0,0,4,249,1,1,0,0,0,43,275,221,1,0,197,0,6,0,0,34,23,0,13,0,9,5,0,82,0,0,0,10,134,0,0,40,14,0,0
2003,Tenderloin,5,760,3,0,126,0,0,0,27,10,1440,56,14,1,0,137,120,3,0,0,0,18,802,25,19,0,0,0,48,233,595,4,0,1236,0,283,0,0,181,46,0,30,0,40,2,0,171,0,0,0,91,177,0,0,869,73,0,0
2004,Bayview Hunters Point,22,541,2,4,152,0,0,0,7,6,411,13,5,4,0,59,44,0,0,0,0,14,347,10,8,0,0,0,87,551,292,7,0,940,0,1,0,0,96,77,0,19,3,14,1,0,158,0,0,0,27,228,0,0,330,92,0,0
2004,Castro/Upper Market,0,122,1,1,89,0,0,0,6,5,74,14,2,1,0,32,38,0,0,0,0,2,344,0,0,0,0,0,19,304,161,0,0,154,0,0,0,0,27,13,0,5,0,11,1,0,50,0,0,0,15,94,0,0,83,11,0,0
2004,Financial District/South Beach,1,222,1,0,235,0,0,0,26,5,50,15,16,2,0,77,123,0,0,0,0,2,1346,4,2,0,0,0,22,253,384,2,0,286,0,2,0,0,62,19,0,11,0,21,0,0,107,0,0,0,48,118,0,0,159,16,0,0
2004,Golden Gate Park,3,36,0,0,6,0,0,0,3,1,48,1,0,0,0,1,6,0,0,0,0,0,100,3,0,0,0,0,5,62,64,0,0,67,0,0,0,0,8,0,0,3,0,0,0,0,16,0,0,0,1,11,0,0,48,7,0,0
2004,Haight Ashbury,1,85,0,1,89,0,0,0,21,0,76,21,0,0,0,18,29,0,0,0,0,1,177,9,4,0,0,0,30,186,101,0,0,110,0,0,0,0,25,8,0,0,0,2,1,0,27,0,0,0,5,65,0,0,93,7,0,0
2004,Mission,14,693,2,1,207,0,0,0,106,17,830,38,7,0,0,100,102,0,0,0,0,10,1006,35,19,0,0,0,112,725,726,3,0,1533,1,217,0,0,192,62,0,30,2,35,7,0,206,0,0,0,62,315,0,0,534,65,0,0
2004,North Beach,3,107,0,0,78,0,0,0,25,0,28,18,6,1,0,21,34,1,0,0,0,2,363,7,0,0,0,0,11,108,176,1,0,135,0,0,0,0,22,7,0,4,0,4,1,0,25,0,0,0,17,75,0,0,65,8,0,0
2004,South of Market,6,539,2,1,191,0,0,0,29,14,530,25,6,3,0,108,134,2,0,0,0,9,1642,16,24,0,0,0,70,396,872,3,0,1054,0,6,0,0,140,41,0,29,2,50,3,0,145,0,0,0,86,230,0,0,507,47,0,0
2004,Sunset/Parkside,6,168,2,0,119,0,0,0,6,2,22,6,3,5,0,48,50,2,0,0,0,6,240,3,0,0,0,0,44,528,228,2,0,220,0,2,0,0,39,22,0,15,1,4,5,0,92,0,0,0,10,149,0,0,44,9,0,0
2004,Tenderloin,8,710,1,1,163,0,0,0,24,8,1545,31,10,1,0,104,105,0,0,0,0,13,750,19,16,0,0,0,70,232,642,1,0,1227,0,168,0,0,222,47,0,17,3,39,4,0,182,0,0,0,68,160,0,0,733,60,0,0
2005,Bayview Hunters Point,25,435,0,2,206,0,0,0,19,4,295,12,9,1,0,39,41,0,0,0,0,13,328,2,9,0,0,0,90,566,246,5,0,772,0,4,0,0,108,52,0,22,2,8,4,0,166,0,0,0,38,234,0,0,272,89,0,0
2005,Castro/Upper Market,2,137,1,1,109,0,0,0,10,3,72,7,1,1,0,27,44,0,0,0,0,1,314,2,1,0,0,0,26,302,176,0,0,141,0,0,0,0,36,9,0,6,0,7,1,0,60,0,0,0,11,82,0,0,70,6,0,0
2005,Financial District/South Beach,1,223,6,0,246,0,0,0,5,1,38,8,9,0,0,95,111,0,0,0,0,1,1304,3,2,0,0,0,19,215,400,1,0,256,0,4,0,0,71,12,0,11,0,13,3,0,105,0,0,0,50,144,0,0,116,14,0,0
2005,Golden Gate Park,2,21,0,0,11,0,0,0,0,2,42,0,0,0,0,0,2,0,0,0,0,0,93,0,0,0,0,0,3,82,53,0,0,51,0,0,0,0,8,0,0,3,0,2,0,0,7,0,0,0,2,19,0,0,35,3,0,0
2005,Haight Ashbury,2,84,1,0,69,0,0,0,18,1,75,23,1,0,0,13,21,0,0,0,0,1,154,6,1,0,0,0,28,207,108,0,0,135,0,0,0,0,22,4,0,7,0,3,0,0,41,0,0,0,5,71,0,0,81,10,0,0
2005,Mission,7,638,4,4,246,0,0,0,70,10,664,37,8,3,0,92,94,3,0,0,0,12,964,40,34,0,0,0,134,843,737,1,0,1305,1,155,0,0,197,55,0,43,2,29,4,0,187,0,0,0,65,291,0,0,454,82,0,0
2005,North Beach,0,105,0,0,63,0,0,0,8,0,9,18,0,0,0,19,27,0,0,0,0,1,389,1,0,0,0,0,16,126,196,1,0,119,0,0,0,0,38,10,0,7,0,4,1,0,26,0,0,0,12,76,0,0,35,17,0,0
2005,South of Market,6,544,3,2,190,0,0,0,18,8,393,24,10,0,0,141,139,1,0,0,0,14,1694,17,5,0,0,0,90,394,1045,2,0,876,1,13,0,0,204,22,0,38,1,26,4,0,208,0,0,0,53,258,0,0,426,51,0,0
2005,Sunset/Parkside,7,148,0,0,114,0,0,0,9,4,22,18,5,0,0,53,54,0,0,0,0,4,212,4,0,0,0,0,23,446,238,0,0,193,0,11,0,0,27,21,0,11,0,8,4,0,135,0,0,0,14,167,0,0,51,11,0,0
2005,Tenderloin,4,744,4,1,146,0,0,0,26,6,1574,33,12,1,0,89,79,2,0,0,0,14,848,13,18,0,0,0,65,267,669,2,0,1005,0,94,0,0,208,36,0,27,0,29,5,0,196,0,0,0,54,155,0,0,647,80,0,0
2006,Bayview Hunters Point,23,500,2,1,211,0,0,0,13,9,317,7,8,1,0,58,43,1,0,0,0,15,303,5,0,0,0,0,140,257,239,6,0,881,0,0,0,89,162,78,0,10,2,9,3,0,215,0,0,0,37,270,0,0,238,90,0,0
2006,Castro/Upper Market,1,142,1,1,131,0,0,0,6,2,67,7,2,0,0,33,39,0,0,0,0,0,377,1,1,0,0,0,29,121,167,0,0,131,0,1,0,8,45,11,0,5,0,4,2,0,48,0,0,0,10,80,0,0,65,9,0,0
2006,Financial District/South Beach,2,229,4,0,265,0,0,0,3,2,37,10,20,1,0,85,115,0,0,0,0,2,1395,1,1,0,0,0,36,105,373,2,0,242,0,4,0,10,101,10,0,5,0,10,2,0,98,0,0,0,45,139,0,0,83,16,0,0
2006,Golden Gate Park,1,24,0,1,5,0,0,0,1,2,83,1,0,0,0,1,3,0,0,0,0,0,88,0,0,0,0,0,5,31,59,0,0,80,0,0,0,6,10,1,0,1,0,1,0,0,6,0,0,0,1,13,0,0,36,4,0,0
2006,Haight Ashbury,4,80,0,0,88,0,0,0,16,1,78,20,1,0,0,16,26,0,0,0,0,2,185,8,0,0,0,0,28,83,97,1,0,157,0,0,0,2,23,11,0,3,0,2,2,0,31,0,0,0,8,62,0,0,71,16,0,0
2006,Mission,9,676,3,4,213,0,0,0,64,11,756,48,13,1,0,93,118,1,0,0,0,13,940,24,13,0,0,0,105,319,676,7,0,1207,2,263,0,50,234,58,0,35,1,24,5,0,177,0,0,0,61,305,0,0,410,88,0,0
2006,North Beach,2,123,2,0,71,0,0,0,9,2,18,30,6,0,0,19,20,2,0,0,0,4,441,4,2,0,0,0,13,61,192,0,0,134,0,1,0,1,29,15,0,6,0,5,0,0,41,0,0,0,9,87,0,0,47,15,0,0
2006,South of Market,7,560,6,0,193,0,0,0,19,12,368,36,21,2,0,144,125,0,0,0,0,19,1854,20,1,0,0,0,75,170,1027,0,0,796,0,8,0,30,188,48,0,50,2,48,3,0,217,0,0,0,76,308,0,0,398,35,0,0
2006,Sunset/Parkside,3,169,2,0,94,0,0,0,12,5,29,11,2,3,0,51,50,0,0,0,0,6,257,4,0,0,0,0,51,204,175,3,0,187,0,3,0,17,50,26,0,4,0,2,4,0,84,0,0,0,11,173,0,0,33,21,0,0
2006,Tenderloin,6,813,4,1,175,0,0,0,15,8,1530,34,7,0,0,83,83,0,0,0,0,13,912,17,1,0,0,0,47,118,697,2,0,1071,0,83,0,30,225,51,0,22,0,46,2,0,207,0,0,0,68,192,0,0,648,65,0,0
2007,Bayview Hunters Point,32,480,1,2,186,0,0,0,3,11,285,13,6,0,0,63,36,1,0,0,0,15,340,4,2,0,0,0,107,205,207,1,0,802,0,1,0,70,161,67,0,11,1,8,0,0,202,0,0,0,64,283,0,0,249,84,0,0
2007,Castro/Upper Market,2,133,0,0,57,0,0,0,7,3,67,7,5,1,0,22,38,0,0,0,0,0,329,1,0,0,0,0,19,86,184,0,0,131,0,1,0,7,41,12,0,4,1,5,1,0,67,0,0,0,6,96,0,0,67,13,0,0
2007,Financial District/South Beach,4,237,4,1,238,0,0,0,7,4,39,12,20,0,0,91,98,0,0,0,0,5,1394,6,9,0,0,0,20,110,359,0,0,234,0,2,0,16,86,15,0,13,0,14,1,0,90,0,0,0,50,133,0,0,92,12,0,0
2007,Golden Gate Park,1,25,0,0,2,0,0,0,4,5,119,2,0,0,0,1,5,0,0,0,0,1,109,2,0,0,0,0,4,25,53,0,0,137,0,0,0,2,10,3,0,1,1,2,0,0,7,0,0,0,3,18,0,0,58,7,0,0
2007,Haight Ashbury,0,69,0,0,40,0,0,0,15,4,136,17,1,0,0,16,9,0,0,0,0,3,161,7,2,0,0,0,30,63,78,1,0,220,0,0,0,6,23,8,0,3,0,3,0,0,31,0,0,0,9,60,0,0,72,14,0,0
2007,Mission,6,669,2,3,198,0,0,0,79,16,680,62,12,0,0,127,79,0,0,0,0,13,893,62,98,0,0,0,104,320,647,6,0,1204,0,329,0,49,229,79,0,28,0,25,7,0,210,0,0,0,74,325,0,0,487,73,0,0
2007,North Beach,2,124,0,0,47,0,0,0,13,4,15,16,9,0,0,19,33,3,0,0,0,2,463,4,0,0,0,0,9,60,163,1,0,117,0,0,0,2,26,10,0,5,0,5,1,0,36,0,0,0,11,87,0,0,43,13,0,0
2007,South of Market,7,582,3,1,188,0,0,0,20,12,542,38,4,4,0,169,158,2,0,0,0,18,1733,15,25,0,0,0,102,152,932,2,0,944,0,7,0,30,198,56,0,43,5,36,6,0,236,0,0,0,53,323,0,0,454,52,0,0
2007,Sunset/Parkside,5,174,2,1,70,0,0,0,12,3,29,16,0,1,0,75,32,0,0,0,0,8,268,1,0,0,0,0,37,161,175,2,0,190,0,8,0,15,42,17,0,10,0,3,0,0,81,0,0,0,9,174,0,0,32,18,0,0
2007,Tenderloin,5,876,2,3,112,0,0,0,21,12,2123,29,8,0,0,84,120,5,0,0,0,12,1027,15,16,0,0,0,57,87,743,4,0,1337,0,241,0,31,235,75,0,24,0,32,6,0,231,0,0,0,75,193,0,0,767,71,0,0
2008,Bayview Hunters Point,25,487,2,2,201,0,0,0,4,8,207,5,4,1,0,69,46,4,0,0,0,10,329,5,2,0,0,0,140,222,221,3,0,950,1,0,0,68,161,104,0,23,3,11,4,0,188,0,0,0,36,279,0,0,148,73,0,0
2008,Castro/Upper Market,5,137,0,1,81,0,0,0,4,7,52,8,0,0,0,33,44,0,0,0,0,3,356,3,0,0,0,0,31,98,174,0,0,158,0,0,0,3,51,11,0,3,0,5,2,0,55,0,0,0,21,87,0,0,39,7,0,0
2008,Financial District/South Beach,2,272,4,0,233,0,0,0,6,4,51,12,14,1,0,70,115,0,0,0,0,6,1526,3,27,0,0,0,22,87,348,0,0,347,0,0,0,10,101,14,0,17,0,10,2,0,103,0,0,0,29,137,0,0,86,12,0,0
2008,Golden Gate Park,2,32,0,0,2,0,0,0,1,8,83,5,0,0,0,1,3,0,0,0,0,1,170,0,0,0,0,0,10,18,47,0,0,108,0,0,0,3,14,0,0,0,0,4,0,0,7,0,0,0,0,20,0,0,27,7,0,0
2008,Haight Ashbury,1,74,1,0,56,0,0,0,8,3,103,17,1,0,0,13,21,0,0,0,0,0,160,8,0,0,0,0,27,59,95,1,0,195,0,0,0,3,28,8,0,1,0,1,0,0,32,0,0,0,8,48,0,0,56,6,0,0
2008,Mission,8,759,3,6,192,0,0,0,93,14,712,65,8,3,0,103,77,4,0,0,0,18,973,76,70,0,0,0,114,304,676,1,0,1669,0,315,0,45,248,85,0,33,1,23,3,0,233,0,0,0,54,342,0,0,419,82,0,0
2008,North Beach,1,136,0,1,39,0,0,0,11,2,10,23,2,1,0,20,26,1,0,0,0,3,428,4,1,0,0,0,17,45,160,0,0,157,0,4,0,6,31,10,0,7,0,2,2,0,43,0,0,0,8,84,0,0,36,6,0,0
2008,South of Market,4,533,2,1,153,0,0,0,16,8,624,50,10,2,0,180,188,1,0,0,0,10,1590,23,36,0,0,0,77,143,823,4,0,1085,0,10,0,29,181,48,0,32,3,31,5,0,195,0,0,0,59,234,0,0,415,43,0,0
2008,Sunset/Parkside,3,176,3,0,61,0,0,0,4,11,52,9,3,4,0,56,40,0,0,0,0,4,284,4,4,0,0,0,46,148,180,1,0,255,0,10,0,12,35,24,0,7,1,5,2,0,108,0,0,0,13,178,0,0,33,18,0,0
2008,Tenderloin,8,819,4,1,134,0,0,0,137,10,2509,48,10,4,0,106,112,2,0,0,0,14,808,41,9,0,0,0,64,86,649,2,0,1822,0,239,0,22,209,68,0,25,1,41,10,0,196,0,0,0,135,163,0,0,683,81,0,0
2009,Bayview Hunters Point,13,522,0,2,208,0,0,0,11,7,266,6,8,2,0,48,35,0,0,0,0,19,307,2,2,0,0,0,93,190,233,2,0,1021,0,3,0,47,121,102,0,15,1,13,0,0,196,0,0,0,23,287,0,0,136,77,0,0
2009,Castro/Upper Market,0,162,0,0,82,0,0,0,7,9,73,12,1,0,0,21,51,1,0,0,0,3,362,1,1,0,0,0,14,92,164,0,0,214,0,0,0,6,60,18,0,5,0,12,0,0,52,0,0,0,26,87,0,0,62,7,0,0
2009,Financial District/South Beach,10,243,1,1,208,0,0,0,20,11,63,21,10,2,0,78,88,0,0,0,0,6,1415,5,2,0,0,0,20,100,349,1,0,419,0,4,0,7,82,13,0,13,0,24,3,0,82,0,0,0,47,161,0,0,97,7,0,0
2009,Golden Gate Park,0,30,0,0,3,0,0,0,2,3,148,3,0,0,0,4,2,0,0,0,0,0,202,5,1,0,0,0,8,22,59,0,0,133,0,1,0,3,11,2,0,3,0,4,0,0,13,0,0,0,2,22,0,0,41,8,0,0
2009,Haight Ashbury,12,71,0,0,38,0,0,0,22,5,125,33,3,0,0,21,16,0,0,0,0,2,141,14,0,0,0,0,24,44,109,0,0,209,0,0,0,3,22,14,0,1,0,4,1,0,41,0,0,0,12,64,0,0,78,8,0,0
2009,Mission,8,752,1,2,159,0,0,0,107,20,626,47,10,2,0,85,91,3,0,0,0,31,887,44,12,0,0,0,110,273,656,6,0,1551,0,422,0,24,220,75,0,38,1,30,4,0,225,0,0,0,63,353,0,0,367,73,0,0
2009,North Beach,1,118,0,0,44,0,0,0,10,6,25,21,4,1,0,17,23,1,0,0,0,3,434,3,0,0,0,0,7,45,184,0,0,164,0,1,0,5,25,10,0,3,0,5,2,0,29,0,0,0,10,75,0,0,28,7,0,0
2009,South of Market,9,557,4,2,193,0,0,0,14,14,721,50,14,3,0,149,196,2,0,0,0,19,1642,21,4,0,0,0,124,126,819,3,0,1226,0,7,0,7,158,54,0,40,0,65,3,0,193,0,0,0,51,290,0,0,450,62,0,0
2009,Sunset/Parkside,6,154,3,0,61,0,0,0,6,11,84,9,4,5,0,49,47,0,0,0,0,4,284,4,0,0,0,0,37,109,216,0,0,230,0,5,0,11,30,16,0,9,0,3,3,0,99,0,0,0,9,167,0,0,29,15,0,0
2009,Tenderloin,7,784,3,3,136,0,0,0,189,20,2455,76,10,0,0,76,110,1,0,0,0,29,773,22,9,0,0,0,79,65,698,8,0,2092,0,96,0,19,200,89,0,32,0,44,4,0,197,0,0,0,179,209,0,0,717,98,0,0
2010,Bayview Hunters Point,24,513,2,2,185,0,0,0,7,10,209,8,3,2,0,16,38,1,0,0,0,15,297,8,1,0,0,0,224,156,230,4,0,907,0,2,0,43,106,102,0,20,2,16,3,0,201,0,0,0,14,286,0,0,176,90,0,0
2010,Castro/Upper Market,1,154,0,0,53,0,0,0,3,8,76,13,2,0,0,11,39,0,0,0,0,1,391,2,1,0,0,0,23,52,150,0,0,177,0,0,0,5,49,20,0,4,0,10,0,0,67,0,0,0,12,105,0,0,66,13,0,0
2010,Financial District/South Beach,1,209,1,1,190,0,0,0,15,8,48,25,7,1,0,36,157,1,0,0,0,9,1351,2,3,0,0,0,41,67,426,1,0,464,0,4,0,11,88,13,0,11,0,20,2,0,143,0,0,0,53,193,0,0,127,12,0,0
2010,Golden Gate Park,0,26,0,0,3,0,0,0,2,6,78,4,0,0,0,0,5,0,0,0,0,0,118,2,0,0,0,0,3,13,70,0,0,106,0,0,0,1,7,0,0,2,0,3,0,0,27,0,0,0,0,29,0,0,40,4,0,0
2010,Haight Ashbury,0,67,0,0,34,0,0,0,9,4,115,14,0,0,0,9,20,0,0,0,0,0,123,7,0,0,0,0,27,51,115,0,0,169,0,0,0,3,13,10,0,5,0,3,0,0,48,0,0,0,12,67,0,0,90,10,0,0
2010,Mission,9,650,1,3,145,0,0,0,120,28,587,37,7,1,0,56,72,1,0,0,0,16,986,29,25,0,0,0,139,200,712,7,0,1215,0,342,0,27,188,100,0,46,2,48,3,0,263,0,0,0,43,330,0,0,389,71,0,0
2010,North Beach,2,141,0,0,42,0,0,0,11,3,23,14,2,4,0,6,26,0,0,0,0,3,358,9,0,0,0,0,11,26,190,0,0,155,0,2,0,4,21,10,0,6,0,3,0,0,54,0,0,1,6,72,0,0,50,8,0,0
2010,South of Market,10,629,3,4,174,0,0,0,25,21,622,42,11,5,0,89,195,0,0,0,0,16,1759,20,7,0,0,0,214,87,1026,2,0,1103,0,11,0,16,202,95,0,55,0,54,6,0,329,0,0,0,64,346,0,0,551,60,0,0
2010,Sunset/Parkside,5,180,1,0,80,0,0,0,7,4,38,8,2,0,0,12,38,0,0,0,0,9,217,4,1,0,0,0,41,93,193,3,0,238,0,3,0,8,25,28,0,16,0,5,4,0,108,0,0,0,4,159,0,0,27,11,0,0
2010,Tenderloin,3,779,3,4,105,0,0,0,108,10,1491,83,6,2,0,62,139,0,0,0,0,12,725,21,29,0,0,0,84,74,930,4,0,1371,0,44,0,12,198,98,0,37,0,31,1,0,340,0,0,0,144,150,0,0,617,83,0,0
2011,Bayview Hunters Point,13,579,0,4,154,0,0,0,6,9,241,25,4,1,0,9,36,5,0,0,0,12,328,9,0,0,0,0,253,166,285,2,0,936,0,0,0,46,88,115,0,22,2,17,1,0,268,0,0,0,17,243,0,0,220,74,0,0
2011,Castro/Upper Market,4,131,0,0,67,0,0,0,4,9,63,15,3,0,0,8,47,0,0,0,0,4,446,2,0,0,0,0,28,71,268,0,0,191,0,1,0,6,48,11,0,9,1,15,3,0,69,0,0,0,13,97,0,0,85,12,0,0
2011,Financial District/South Beach,4,266,3,0,168,0,0,0,9,6,42,20,20,1,0,46,155,0,0,0,0,6,1510,2,6,0,0,0,35,74,463,1,0,487,0,2,0,8,99,19,0,5,0,28,1,0,130,0,0,0,38,139,0,0,126,12,0,0
2011,Golden Gate Park,2,21,0,0,6,0,0,0,2,3,53,1,1,0,0,1,3,0,0,0,0,0,121,3,0,0,0,0,1,24,76,0,0,84,0,0,0,1,4,3,0,3,0,1,0,0,22,0,0,0,5,24,0,0,43,4,0,0
2011,Haight Ashbury,0,57,0,0,52,0,0,0,15,4,79,18,1,0,0,4,27,0,0,0,0,0,162,8,0,0,0,0,40,61,220,1,0,138,0,0,0,7,9,6,0,4,0,7,0,0,44,0,0,0,5,54,0,0,85,7,0,0
2011,Mission,10,684,3,2,125,0,0,0,74,29,389,42,10,2,0,32,100,2,0,0,0,14,1237,22,8,0,0,0,139,241,853,4,0,1101,0,294,0,32,204,89,0,48,1,39,4,0,290,0,0,0,43,323,0,0,375,81,0,0
2011,North Beach,2,127,0,0,45,0,0,0,11,3,16,15,1,0,0,10,27,0,0,0,0,4,419,5,0,0,0,0,16,41,195,1,0,173,1,0,0,4,20,16,0,5,0,10,1,0,71,0,0,0,8,90,0,0,55,10,0,0
2011,South of Market,5,642,5,2,163,0,0,0,16,14,408,36,9,1,0,46,147,1,0,0,0,23,1518,12,0,0,0,0,205,107,974,1,0,940,0,4,0,25,198,75,0,55,1,44,1,0,315,0,0,0,47,267,0,0,532,54,0,0
2011,Sunset/Parkside,4,131,0,1,109,0,0,0,7,10,34,4,1,0,0,10,51,0,0,0,0,8,273,3,0,0,0,0,62,101,259,2,0,226,0,5,0,6,20,23,0,13,1,9,1,0,97,0,0,0,10,139,0,0,18,10,0,0
2011,Tenderloin,5,772,2,2,117,0,0,0,107,12,1164,55,5,0,0,45,141,0,0,0,0,28,863,18,35,0,0,0,76,53,876,2,0,1073,1,42,0,24,203,108,0,42,0,32,1,0,344,0,0,0,131,156,0,0,621,70,0,0
2012,Bayview Hunters Point,19,523,1,7,153,0,0,0,6,11,263,34,4,1,0,32,48,4,0,0,0,10,387,7,0,0,0,0,209,186,371,3,0,905,0,0,0,40,111,84,0,28,2,25,0,0,223,0,0,0,22,236,0,0,188,107,0,0
2012,Castro/Upper Market,2,161,0,1,93,0,0,0,9,6,68,15,0,2,0,11,40,0,0,0,0,1,495,4,0,0,0,0,63,94,267,1,0,179,0,1,0,4,45,20,0,8,0,19,2,0,66,0,0,0,18,156,0,0,91,3,0,0
2012,Financial District/South Beach,9,253,2,0,192,0,0,0,20,12,54,10,17,1,0,56,142,0,0,0,0,1,1721,1,2,0,0,0,34,96,495,1,0,517,0,4,0,19,112,18,0,8,0,29,0,0,117,0,0,0,73,183,0,0,141,25,0,0
2012,Golden Gate Park,0,28,0,0,3,0,0,0,0,7,62,3,0,0,0,1,3,0,0,0,0,1,191,2,0,0,0,0,6,17,114,0,0,87,0,0,0,2,6,4,0,4,0,2,0,0,32,0,0,0,1,14,0,0,46,2,0,0
2012,Haight Ashbury,0,53,1,0,69,0,0,0,11,3,91,18,0,0,0,6,19,0,0,0,0,0,207,4,0,0,0,0,56,69,294,0,0,116,0,0,0,4,17,6,0,2,0,6,0,0,50,0,0,0,6,48,0,0,88,12,0,0
2012,Mission,6,720,1,4,206,0,0,0,58,31,312,43,13,3,0,40,130,3,0,0,0,16,1290,10,5,0,0,0,180,289,799,8,0,992,0,161,0,24,224,102,0,48,2,43,7,0,257,0,0,0,44,408,0,0,338,87,0,0
2012,North Beach,0,123,0,0,58,0,0,0,7,1,18,14,3,0,0,11,28,0,0,0,0,0,484,0,2,0,0,0,17,43,168,0,0,136,0,0,0,5,22,11,0,6,0,4,2,0,65,0,0,0,13,86,0,0,50,14,0,0
2012,South of Market,7,557,4,4,164,0,0,0,26,13,337,43,4,2,0,69,130,0,0,0,0,19,1963,11,3,0,0,0,146,136,1018,1,0,889,0,9,0,22,231,59,0,47,0,50,1,0,271,0,0,0,52,369,0,0,487,59,0,0
2012,Sunset/Parkside,4,149,0,1,115,0,0,0,4,9,31,5,1,1,0,10,71,1,0,0,0,6,262,0,1,0,0,0,50,80,303,1,0,254,0,0,0,7,22,28,0,10,0,5,4,0,95,0,0,0,13,131,0,0,49,11,0,0
2012,Tenderloin,11,695,1,3,150,0,0,0,131,13,1067,30,6,0,0,44,112,0,0,0,0,17,977,8,27,0,0,0,87,68,892,3,0,949,1,56,0,19,299,65,0,37,0,41,2,0,262,0,0,0,137,185,0,0,590,93,0,0
2013,Bayview Hunters Point,12,555,0,3,134,0,0,0,9,13,191,24,7,0,0,15,29,2,0,0,0,21,439,8,1,0,0,0,113,228,468,2,0,863,1,2,0,41,106,107,0,24,0,25,2,0,198,0,0,0,21,231,0,0,234,95,0,0
2013,Castro/Upper Market,1,185,0,0,89,0,0,0,5,16,94,15,0,1,0,21,35,0,0,0,0,5,596,2,1,0,0,0,32,102,379,0,0,231,0,0,0,12,59,21,0,7,0,22,1,0,65,0,0,0,22,115,0,0,106,16,0,0
2013,Financial District/South Beach,5,265,0,0,249,0,0,0,12,16,76,23,16,0,0,34,115,2,0,0,0,9,1938,3,1,0,0,0,63,72,622,1,0,456,0,3,0,13,122,23,0,21,0,48,1,0,147,0,0,1,56,180,0,0,187,10,0,0
2013,Golden Gate Park,1,26,0,0,6,0,0,0,1,0,54,3,0,0,0,0,6,0,0,0,0,0,226,3,0,0,0,0,8,20,104,0,0,75,1,0,0,2,5,1,0,2,0,6,0,0,23,0,0,0,1,40,0,0,55,3,0,0
2013,Haight Ashbury,2,61,0,0,77,0,0,0,6,1,85,20,0,0,0,0,21,0,0,0,0,0,225,2,0,0,0,0,70,38,455,0,0,168,0,0,0,1,21,7,0,9,0,5,0,0,34,0,0,0,8,59,0,0,114,8,0,0
2013,Mission,12,775,0,6,217,0,0,0,59,29,407,56,6,1,0,50,142,1,0,0,0,36,1580,11,2,0,0,0,215,279,991,6,0,1097,0,218,0,33,274,103,0,44,2,49,5,0,273,0,0,0,74,366,0,0,425,95,0,0
2013,North Beach,3,131,0,0,65,0,0,0,8,4,15,8,1,1,0,7,21,0,0,0,0,6,456,3,0,0,0,0,11,26,206,0,0,125,0,0,0,1,34,7,0,6,0,15,0,0,51,0,0,0,9,67,0,0,38,15,0,0
2013,South of Market,7,537,3,4,224,0,0,0,15,29,422,106,13,0,0,56,135,0,0,0,0,23,2343,15,1,0,0,0,215,110,1216,3,0,954,1,7,0,21,191,64,0,57,0,65,3,0,301,0,0,0,64,282,0,0,531,80,0,0
2013,Sunset/Parkside,4,119,1,0,81,0,0,0,4,5,41,5,1,1,0,10,50,0,0,0,0,8,297,3,1,0,0,0,55,98,309,0,0,232,0,3,0,9,22,20,0,8,0,9,5,0,70,0,0,1,9,104,0,0,39,14,0,0
2013,Tenderloin,13,845,2,4,135,0,0,0,46,16,1055,87,9,1,0,70,123,0,0,0,0,38,1201,19,11,0,0,0,90,83,1175,4,0,1140,0,26,0,27,321,74,0,56,0,64,3,0,311,0,0,0,95,201,0,0,708,91,0,0
2014,Bayview Hunters Point,34,1172,3,10,242,0,0,0,30,27,355,23,15,0,0,18,90,2,0,0,0,58,864,9,2,0,0,0,296,535,791,4,0,2012,0,3,0,0,174,208,0,46,2,52,3,0,435,0,0,0,61,536,0,0,556,265,0,0
2014,Castro/Upper Market,20,372,2,1,195,0,0,0,13,10,157,30,2,2,0,23,133,0,0,0,0,13,998,1,0,0,0,0,89,233,844,2,0,536,0,1,0,0,96,31,0,34,0,39,1,0,124,0,0,1,40,194,0,0,242,30,0,0
2014,Financial District/South Beach,31,560,3,4,573,0,0,0,13,12,171,35,37,3,0,70,326,1,0,0,0,15,4988,4,6,0,0,0,100,217,1393,0,0,1271,0,86,0,0,225,46,0,43,0,77,6,0,307,0,0,0,137,462,0,0,414,38,0,0
2014,Golden Gate Park,4,45,0,0,9,0,0,0,0,12,97,3,0,0,0,2,27,0,0,0,0,0,732,2,0,0,0,0,25,40,249,0,0,247,0,0,0,0,13,4,0,9,0,5,0,0,37,0,0,0,6,76,0,0,102,9,0,0
2014,Haight Ashbury,1,151,0,0,154,0,0,0,11,8,188,18,0,0,0,8,47,0,0,0,0,7,554,9,0,0,0,0,98,124,955,1,0,394,0,0,0,0,37,13,0,6,1,15,1,0,70,0,0,0,8,126,0,0,246,18,0,0
2014,Mission,26,1639,4,12,548,0,0,0,105,65,712,124,9,4,0,89,338,1,0,0,0,58,3172,21,14,0,0,0,573,790,1956,19,0,2579,0,161,0,0,489,198,0,141,1,146,8,0,620,0,0,0,155,686,0,0,983,238,0,0
2014,North Beach,2,285,0,1,145,0,0,0,12,6,59,40,3,2,0,18,92,1,0,0,0,10,1248,4,0,0,0,0,55,101,535,2,0,361,0,0,0,0,82,22,0,14,0,43,1,0,116,0,0,0,32,177,0,0,132,29,0,0
2014,South of Market,13,1268,4,5,473,0,0,0,31,42,584,65,25,2,0,79,275,0,0,0,0,43,5845,20,2,0,0,0,460,323,2351,6,0,2043,0,6,0,0,343,139,0,80,0,114,4,0,506,0,0,0,101,784,0,0,858,134,0,0
2014,Sunset/Parkside,8,262,4,0,233,0,0,0,2,14,54,14,2,2,0,18,118,0,0,0,0,15,796,6,1,0,0,0,151,302,727,2,0,667,1,17,0,0,56,50,0,27,0,20,7,0,187,0,0,0,32,308,0,0,86,25,0,0
2014,Tenderloin,12,1899,4,5,310,0,0,0,45,17,1800,88,8,2,0,135,293,2,0,0,0,69,2729,38,1,0,0,0,253,246,2353,6,0,2210,0,97,0,0,601,153,0,107,1,108,5,0,667,0,0,0,143,520,0,0,1275,217,0,3
2015,Bayview Hunters Point,37,828,0,8,202,0,0,0,16,15,243,19,6,1,0,16,60,7,0,0,0,33,424,13,0,0,0,0,208,391,612,4,0,1384,1,2,0,109,163,140,0,33,1,34,2,0,277,0,0,0,34,286,0,0,341,175,0,0
2015,Castro/Upper Market,10,268,0,2,147,0,0,0,7,12,70,16,1,0,0,13,79,0,0,0,0,7,429,2,0,0,0,0,43,212,500,0,0,342,0,0,0,10,77,26,0,19,0,23,2,0,103,0,0,0,31,136,0,0,171,29,0,2
2015,Financial District/South Beach,10,470,2,1,324,0,0,0,36,21,61,29,18,3,0,58,278,0,0,0,0,8,2101,6,0,0,0,0,89,208,792,2,0,838,0,82,0,32,225,37,0,30,0,50,1,0,236,0,0,0,113,264,0,0,307,42,0,0
2015,Golden Gate Park,1,45,0,0,11,0,0,0,6,13,27,0,0,0,0,2,16,0,0,0,0,1,402,1,0,0,0,0,18,44,165,0,0,183,0,1,0,8,24,2,0,5,0,10,2,0,22,0,0,0,2,34,0,0,51,5,0,0
2015,Haight Ashbury,3,122,0,0,93,0,0,0,15,1,87,13,0,0,0,9,26,0,0,0,0,1,178,2,0,0,0,0,70,130,320,0,0,242,0,0,0,6,28,12,0,8,0,8,3,0,62,0,0,0,10,66,0,0,129,10,0,0
2015,Mission,24,1263,2,12,360,0,0,0,92,35,383,107,7,2,0,58,214,3,0,0,0,33,1361,23,11,0,0,0,301,618,1260,7,0,1820,0,28,0,48,381,159,0,123,1,79,6,0,485,0,0,0,153,429,0,0,763,215,0,1
2015,North Beach,4,225,0,0,87,0,0,0,17,3,22,26,4,0,0,18,78,1,0,0,0,4,708,4,0,0,0,0,28,80,296,3,0,235,1,2,0,9,53,24,0,7,0,27,0,0,83,0,0,0,23,109,0,0,107,20,0,0
2015,South of Market,18,803,0,8,308,0,0,0,40,29,323,28,16,0,0,44,185,0,0,0,0,15,2174,5,1,0,0,0,306,300,1236,4,0,1339,0,7,0,62,238,85,0,47,0,89,6,0,395,0,0,0,103,402,0,0,603,118,0,1
2015,Sunset/Parkside,3,232,0,0,160,0,0,0,6,18,35,6,1,0,0,15,78,0,0,0,0,3,347,2,0,0,0,0,119,214,563,1,0,507,0,19,0,23,32,38,0,19,0,8,3,0,160,0,0,0,25,128,0,0,76,18,0,0
2015,Tenderloin,18,1310,2,2,199,0,0,0,42,9,1013,46,4,2,0,73,230,0,0,0,0,30,1346,23,3,0,0,0,141,161,1365,0,0,1387,0,26,0,63,441,108,0,79,2,80,5,0,453,0,0,0,121,307,0,0,879,153,0,3
2016,Bayview Hunters Point,20,558,0,7,97,0,0,0,12,2,87,12,4,2,0,9,30,1,0,0,0,18,359,7,0,0,0,0,73,305,300,2,0,631,0,0,0,61,84,57,0,23,1,12,1,0,157,0,0,0,18,201,0,0,145,77,0,1
2016,Castro/Upper Market,3,157,0,1,96,0,0,0,6,7,40,12,1,0,0,5,33,0,0,0,0,3,386,1,0,0,0,0,46,102,246,0,0,197,0,0,0,7,36,13,0,8,0,10,1,0,82,0,0,0,31,105,0,0,72,11,0,2
2016,Financial District/South Beach,7,311,2,0,187,0,0,0,15,7,61,10,16,0,0,23,132,0,0,0,0,3,1733,2,1,0,0,0,47,102,564,0,0,449,0,91,0,14,104,19,0,24,0,35,2,0,142,0,0,1,63,257,0,0,139,37,0,0
2016,Golden Gate Park,2,25,0,0,9,0,0,0,1,3,30,0,0,0,0,0,12,0,0,0,0,0,367,0,0,0,0,0,14,11,109,0,0,113,0,0,0,3,14,2,0,5,0,5,1,0,21,0,0,0,1,40,0,0,19,3,0,1
2016,Haight Ashbury,5,59,0,0,50,0,0,0,8,3,50,3,0,0,0,2,16,0,0,0,0,0,208,1,0,0,0,0,43,55,184,0,0,110,0,0,0,2,11,3,0,2,0,7,1,0,21,0,0,0,10,58,0,0,53,6,0,1
2016,Mission,16,727,2,4,239,0,0,0,68,22,221,32,7,2,0,37,80,1,0,0,0,11,1241,12,2,0,0,0,166,296,734,4,0,1066,0,33,0,18,168,73,0,60,1,36,2,0,326,0,0,0,160,372,0,0,376,103,0,3
2016,North Beach,1,103,0,1,43,0,0,0,4,4,20,8,1,0,0,4,35,1,0,0,0,0,821,2,0,0,0,0,14,26,237,0,0,149,0,0,0,2,18,10,0,2,0,12,0,0,53,0,0,0,8,137,0,0,34,13,0,0
2016,South of Market,9,552,0,1,164,0,0,0,32,20,268,26,15,3,0,21,124,2,0,0,0,3,2401,9,3,0,0,0,151,145,804,2,0,880,0,3,0,20,120,47,0,41,3,46,1,0,238,0,0,0,89,337,0,0,346,77,0,2
2016,Sunset/Parkside,4,137,0,0,94,0,0,0,1,1,13,4,2,4,0,4,40,0,0,0,0,1,357,3,0,0,0,0,74,88,260,0,0,252,1,3,0,10,21,25,0,10,4,4,1,0,96,0,0,0,11,103,0,0,24,16,0,0
2016,Tenderloin,6,719,0,0,88,0,0,0,55,9,470,23,3,2,0,29,71,2,0,0,0,11,1132,6,1,0,0,0,92,98,798,1,0,672,1,9,0,30,201,49,0,33,0,36,2,0,277,0,0,0,84,237,0,0,382,63,0,7
2017,Bayview Hunters Point,31,548,1,7,139,0,0,0,7,6,50,9,2,2,0,10,31,1,0,0,0,10,470,2,0,0,0,0,68,268,304,2,0,684,2,0,0,57,89,85,0,23,1,6,1,0,176,0,0,0,28,282,0,0,103,96,0,1
2017,Castro/Upper Market,0,219,0,0,90,0,0,0,2,5,34,10,2,0,0,7,42,0,0,0,0,2,732,1,0,0,0,0,26,87,298,0,0,237,0,1,0,7,57,17,0,15,0,8,0,0,86,0,0,0,31,189,0,0,67,23,0,2
2017,Financial District/South Beach,6,369,2,0,174,0,0,0,5,5,37,7,11,2,0,26,132,0,0,0,0,1,2288,0,1,0,0,0,50,96,630,1,0,423,0,14,0,11,131,20,0,15,1,18,1,0,153,0,0,0,68,338,0,0,160,24,0,0
2017,Golden Gate Park,1,37,0,0,5,0,0,0,1,7,6,2,0,0,0,0,7,0,0,0,0,0,472,0,0,0,0,0,10,36,106,1,0,105,0,0,0,6,10,7,0,1,0,3,1,0,24,0,0,0,2,40,0,0,14,0,0,1
2017,Haight Ashbury,1,85,0,0,58,0,0,0,2,7,34,4,0,0,0,4,18,0,0,0,0,0,314,3,0,0,0,0,37,53,191,0,0,115,0,0,0,4,16,8,0,6,1,0,2,0,39,0,0,0,8,63,0,0,35,7,0,1
2017,Mission,20,937,3,2,234,0,0,0,54,31,194,28,9,2,0,25,77,0,0,0,0,15,2092,11,2,0,0,0,162,300,819,1,0,1176,0,103,0,22,257,60,0,93,0,53,2,0,359,0,0,0,145,532,0,0,298,116,0,5
2017,North Beach,2,117,0,1,57,0,0,0,8,1,14,9,1,0,0,4,55,1,0,0,0,1,1085,1,1,0,0,0,19,43,249,0,0,156,0,0,0,2,29,11,0,6,1,26,1,0,64,0,0,0,21,155,0,0,42,18,0,0
2017,South of Market,13,699,1,3,203,0,0,0,16,7,245,17,13,1,0,26,114,0,0,0,0,7,3074,3,2,0,0,0,163,178,927,0,0,759,0,7,0,25,161,65,0,52,2,45,3,0,317,0,0,0,79,473,0,0,378,79,0,2
2017,Sunset/Parkside,6,164,0,0,88,0,0,0,7,1,17,4,4,1,0,6,58,0,0,0,0,0,452,3,0,0,0,0,221,79,262,1,0,275,0,3,0,5,26,20,0,18,5,8,4,0,92,0,0,0,19,135,0,0,16,10,0,0
2017,Tenderloin,11,737,0,2,97,0,0,0,32,1,520,15,5,1,0,34,99,0,0,0,0,6,1420,4,2,0,0,0,101,113,855,1,0,696,0,73,0,38,165,51,0,46,3,29,6,0,316,0,0,0,97,288,0,0,412,110,0,8
2018,Bayview Hunters Point,48,803,0,0,402,30,0,16,219,0,98,0,23,0,21,31,210,1,1,0,1,0,1274,0,0,139,616,134,237,600,484,318,738,111,0,0,1,481,248,0,12,0,0,57,1,0,209,27,82,0,0,10,23,1,267,211,3,1
2018,Castro/Upper Market,20,325,0,0,262,13,155,0,91,0,79,0,4,0,3,20,127,0,0,0,0,0,1407,1,0,188,291,41,59,147,262,65,333,48,0,1,0,83,91,0,12,0,0,19,2,0,73,8,35,0,0,8,0,1,202,43,0,2
2018,Financial District/South Beach,29,744,0,0,871,89,1,10,225,0,118,0,42,0,9,69,532,0,0,0,36,0,5650,1,0,712,704,66,113,246,620,146,1166,89,0,112,2,128,429,0,14,0,0,66,4,5,221,12,133,0,0,7,8,2,417,98,0,0
2018,Golden Gate Park,11,60,0,0,45,7,8,7,14,0,29,0,1,0,3,7,30,0,0,0,0,0,621,0,0,41,102,6,77,54,136,21,117,35,0,0,2,29,17,0,0,0,0,10,0,0,37,8,27,0,0,2,3,2,43,9,0,1
2018,Haight Ashbury,2,131,0,0,108,6,289,1,28,0,65,0,1,0,0,14,69,0,0,0,0,0,670,3,0,46,126,20,96,107,205,31,142,83,0,0,3,31,19,0,8,0,0,3,2,0,32,3,20,0,0,3,0,2,113,14,2,1
2018,Mission,37,1408,0,0,560,32,18,31,368,0,537,0,27,0,23,104,395,1,5,0,10,0,4296,10,0,520,980,156,413,660,1016,401,2050,228,0,207,11,391,460,0,41,0,0,96,2,0,298,36,530,0,0,29,2,8,970,283,0,5
2018,North Beach,1,191,0,0,154,13,5,2,68,0,43,0,6,0,6,14,138,4,2,0,0,0,2609,3,0,190,343,9,35,97,264,55,335,44,0,2,0,41,88,0,6,0,0,51,1,0,55,2,42,0,0,9,0,1,118,32,0,0
2018,South of Market,27,969,0,0,637,182,4,17,195,0,660,0,23,0,13,61,268,1,3,1,12,0,3186,1,0,354,715,83,322,388,966,220,1208,210,0,0,13,358,396,0,207,0,0,58,6,4,260,18,161,0,0,15,9,10,741,156,0,2
2018,Sunset/Parkside,4,209,0,0,248,16,0,32,113,0,36,0,5,0,5,23,283,0,1,0,18,0,986,1,0,165,265,86,409,198,387,164,230,51,0,34,0,106,42,0,14,0,0,18,3,0,113,4,47,0,0,6,0,6,65,39,1,0
2018,Tenderloin,43,1235,0,0,357,32,3,37,238,0,1849,0,18,0,12,67,341,1,6,0,2,0,2907,0,0,516,570,93,307,256,1257,389,1428,340,0,0,3,233,472,0,31,0,0,75,7,1,298,10,254,0,0,13,5,2,1189,197,0,9
2019,Bayview Hunters Point,47,753,0,0,309,19,0,37,246,0,87,0,27,0,25,34,191,1,3,0,2,0,1425,2,0,137,634,120,203,622,490,297,618,128,0,1,5,536,266,0,11,0,0,42,10,1,257,38,75,0,0,19,29,2,317,225,0,1
2019,Castro/Upper Market,8,342,0,0,188,25,65,6,100,0,86,0,2,0,3,15,132,0,0,0,0,0,1208,3,0,163,263,30,48,151,275,92,306,65,0,0,1,89,82,0,12,0,0,20,5,0,87,4,45,0,0,7,1,1,240,41,0,2
2019,Financial District/South Beach,34,770,0,0,689,67,2,7,165,0,113,0,31,0,8,78,487,0,1,0,9,0,5424,0,0,649,842,68,118,258,566,126,1050,93,0,78,3,100,396,0,15,0,0,87,4,1,196,18,123,0,0,9,1,5,332,98,0,1
2019,Golden Gate Park,1,59,0,0,35,17,1,5,11,0,25,0,1,0,4,5,30,0,0,0,0,0,615,0,0,29,99,13,87,46,99,22,108,18,0,0,1,41,14,0,2,0,0,10,2,0,28,4,30,0,0,3,8,0,31,4,0,2
2019,Haight Ashbury,11,108,0,0,99,34,207,2,26,0,107,0,1,0,9,9,72,0,0,0,0,0,627,0,0,36,125,21,74,108,149,42,146,61,0,0,0,35,27,0,9,0,0,3,1,0,33,5,35,0,0,2,1,4,116,20,0,1
2019,Mission,35,1255,0,0,460,35,9,44,347,0,603,0,26,0,19,72,373,2,2,0,8,0,3698,8,0,460,839,170,366,510,955,336,1708,192,0,170,3,286,481,0,26,0,0,75,4,5,289,26,431,0,0,22,2,19,874,273,4,5
2019,North Beach,3,201,0,0,115,15,5,2,61,0,35,0,6,0,1,13,136,0,0,0,0,0,2123,0,0,170,284,12,36,96,232,45,265,47,0,0,0,34,87,0,7,0,0,34,1,0,67,4,36,0,0,6,2,0,81,31,0,1
2019,South of Market,23,969,0,0,436,136,2,28,230,0,597,0,15,0,8,41,272,1,2,0,4,0,2697,2,0,317,663,71,324,348,875,226,1136,230,0,7,4,305,311,0,213,0,0,70,8,6,214,28,182,0,0,18,8,1,869,117,0,2
2019,Sunset/Parkside,11,184,0,0,173,11,0,19,79,0,28,0,2,0,3,15,272,0,0,0,0,0,1057,1,0,116,264,76,176,218,371,134,219,62,0,0,1,91,58,0,7,0,0,16,3,0,94,17,43,0,0,16,2,2,69,21,0,1
2019,Tenderloin,26,1290,0,0,312,26,7,42,258,0,1456,0,34,0,3,49,266,0,2,0,1,0,3053,1,0,464,522,94,347,278,1172,369,1369,379,0,111,7,287,449,0,30,0,0,93,4,0,337,23,187,0,0,4,2,2,1140,208,0,9
2020,Bayview Hunters Point,28,517,0,0,194,11,0,23,153,0,48,0,16,0,31,16,101,0,0,0,0,0,769,0,0,60,391,101,135,495,251,262,456,110,0,0,0,474,149,0,4,0,0,25,0,0,149,28,46,0,0,7,17,2,143,180,14,1
2020,Castro/Upper Market,12,136,0,0,251,6,6,1,23,0,31,0,2,0,4,8,66,0,0,0,0,0,679,0,0,45,235,26,31,150,156,70,198,30,0,0,1,68,28,0,13,0,0,8,1,0,42,0,28,0,0,4,0,1,90,15,10,2
2020,Financial District/South Beach,13,327,0,0,562,32,2,10,80,0,36,0,10,0,8,21,150,0,1,0,0,0,1677,2,0,167,504,22,70,149,282,54,538,57,0,10,0,66,213,0,3,0,0,33,3,0,86,10,39,0,0,8,3,0,143,49,15,2
2020,Golden Gate Park,9,31,0,0,29,9,0,2,4,0,16,0,0,0,1,1,15,0,0,0,0,0,270,0,0,14,46,3,55,43,67,12,31,17,0,0,0,24,12,0,1,0,0,2,0,0,10,4,2,0,0,1,0,0,6,6,0,2
2020,Haight Ashbury,6,52,0,0,162,5,10,2,23,0,30,0,0,0,2,3,23,0,0,0,0,0,400,0,0,17,104,5,55,100,74,26,75,18,0,0,0,32,13,0,2,0,0,8,0,0,34,1,13,0,0,4,0,0,21,4,7,1
2020,Mission,44,612,0,0,519,9,3,17,189,0,149,0,21,0,22,25,157,0,1,0,7,0,1647,3,0,174,576,86,160,524,496,176,883,152,0,24,1,257,232,0,15,0,0,52,1,1,146,16,180,0,0,28,6,8,362,166,39,5
2020,North Beach,8,71,0,0,142,12,0,0,22,0,21,0,1,0,2,4,45,0,0,0,0,0,632,0,0,40,113,13,24,58,104,36,130,27,0,0,0,23,38,0,1,0,0,19,1,0,31,6,8,0,0,3,0,1,44,14,4,1
2020,South of Market,22,530,0,0,455,68,0,8,116,0,257,0,10,0,9,12,116,0,2,0,1,0,1078,0,0,97,475,46,145,252,475,136,545,130,0,0,5,272,176,0,92,0,0,37,5,4,134,7,69,0,0,18,4,2,318,83,13,2
2020,Sunset/Parkside,10,103,0,0,101,11,0,9,35,0,7,0,1,0,5,17,151,0,0,0,0,0,608,0,0,51,151,49,71,186,171,98,127,44,0,1,0,68,34,0,4,0,0,7,3,1,76,6,15,0,0,12,0,0,40,19,4,1
2020,Tenderloin,19,722,0,0,321,15,0,20,118,0,1091,0,21,0,4,37,104,0,1,0,1,0,1099,1,0,169,446,72,182,246,655,144,736,291,0,9,1,223,247,0,16,0,0,37,1,2,183,20,106,0,0,9,1,1,467,113,28,9
